1,227 Vernon Alley,natoque penatibus et magnis dis parturient montes nascetur ridiculus mus vivamus vestibulum sagittis sapien cum
2,1244 2nd Court,eros vestibulum ac est lacinia nisi venenatis tristique fusce congue diam id ornare imperdiet
3,53 Prentice Park,elementum in hac habitasse platea dictumst morbi vestibulum velit id pretium iaculis diam
4,40 Beilfuss Center,orci luctus et ultrices posuere cubilia curae donec pharetra magna
5,9670 Dakota Parkway,et commodo vulputate justo in blandit ultrices enim lorem ipsum dolor sit amet consectetuer adipiscing elit proin interdum
6,902 Daystar Junction,eros suspendisse accumsan tortor quis turpis sed ante vivamus tortor
7,09913 Loeprich Pass,urna ut tellus nulla ut erat id mauris vulputate elementum nullam varius nulla facilisi cras non velit nec
8,39803 Independence Way,ipsum dolor sit amet consectetuer adipiscing elit proin interdum mauris non ligula pellentesque ultrices phasellus
9,33723 Quincy Crossing,nullam orci pede venenatis non sodales sed tincidunt eu felis fusce
10,0065 Barnett Parkway,sit amet consectetuer adipiscing elit proin interdum mauris non ligula pellentesque ultrices phasellus id sapien in sapien
11,Aula 75 armario, Armario de cristal junto a la mesa del profesor
