1,Saleem,Cushworth,Male,1995-12-23,39-932-1672,scushworth0,pX9=yE@jZHz
2,Kaine,Ottey,Male,2011-11-14,00-275-6424,kottey1,jW7'vy>`G
3,Fredia,Kamen,Female,2004-01-24,73-347-6274,fkamen2,zU7'9lnLHD}
4,Shara,Jessopp,Female,1992-12-10,83-872-6621,sjessopp3,nT7@U0v)dTchMS
5,Byrle,Luther,Genderfluid,2020-04-20,14-819-3895,bluther4,"cO5*UD{kbL#'"""
6,Kerk,Bidwell,Male,1997-10-04,12-674-6705,kbidwell5,"fM0}'~jntS\9,la"
7,Ninette,Boate,Female,2007-05-18,73-106-1813,nboate6,"bW5}o.""W'dUh"
8,Otis,Jedrachowicz,Male,2021-08-24,30-102-0502,ojedrachowicz7,"eN8$Yi,i%iu~TW"
9,Constantino,Wickman,Male,1991-02-17,30-496-6257,cwickman8,cL9*nG}Q
10,Beverly,Muris,Female,2020-01-10,96-366-9658,bmuris9,rV4@#MK41b8ju
11,Torrance,Salomon,Male,1995-11-16,60-704-8385,tsalomona,"gG1,e3_OyYL24@iL"
12,Julietta,Hamflett,Female,2017-05-27,17-487-8045,jhamflettb,"aD2>K,}JoriB&Y#"
13,Anett,Livezey,Female,2018-01-29,85-425-3763,alivezeyc,vA7(h1L#WS!
14,Gavra,Neachell,Female,1995-08-25,55-677-9107,gneachelld,fL5~JSk6v
15,Thacher,Stalman,Male,2020-10-25,80-443-6549,tstalmane,xD9\!x=.
16,Betta,Bielfeldt,Female,2017-05-28,77-948-7032,bbielfeldtf,mK3%#5$wq{4U|
17,Kathlin,Ferencz,Female,1993-02-28,51-459-9319,kferenczg,"xJ6}5G6T,`6"
18,Cicely,McPeck,Female,2000-01-04,18-904-3223,cmcpeckh,"sB7'+1x""tD"
19,Renae,MacSwayde,Female,2001-06-26,33-289-5359,rmacswaydei,"bM5@`R""md#NCY"
20,Blondelle,Guilder,Female,2015-05-19,35-258-4208,bguilderj,"bU5,J*cgc<DxQNbm"
