mblumerb5;ryantsevb5@infoseek.co.jp;mus vivamus vestibulum sagittis;NORMAL
sbuncome3;cmcilhattone3@miibeian.gov.cn;maecenas;MALILLO
wbirtlescq;platerzacq@behance.net;vitae ipsum aliquam non;PAQUETE
cfraneyv;kstanleyv@springer.com;magna;NORMAL
omattheis7h;asteinhammer7h@statcounter.com;habitasse;DIOS
omcginlay8g;ngunny8g@wordpress.org;nunc rhoncus;NORMAL
meggertonfx;qwilloughwayfx@istockphoto.com;enim leo rhoncus sed;PAQUETE
kgardnerac;adamrellac@google.co.jp;nullam;PAQUETE
tmcgerraghtyqm;jbooseyqm@ted.com;sed tristique in tempus;NORMAL
kchristauffour7t;cwhitewood7t@icq.com;amet nulla quisque arcu;BUENO
islorakk;nspongkk@csmonitor.com;nisl duis;PAQUETE
dcorryr;bsaigerr@mail.ru;velit eu;MAQUINA
dsigwardck;lrobertuccick@google.nl;sollicitudin;MALILLO
lcordalljg;brutledgejg@latimes.com;suspendisse potenti;REGULAR
narendtaq;gawinaq@sun.com;ultrices aliquet maecenas;MAQUINA
socurrancs;dpadfieldcs@biglobe.ne.jp;porttitor lacus;NORMAL
mballsdon2u;bwestman2u@opensource.org;eget nunc donec quis;MAQUINA
jpickless68;rstaniford68@smh.com.au;nulla sed vel;REGULAR
lklimkovax;jrosenfieldax@epa.gov;amet nunc viverra;REGULAR
jwakerj;aperkisj@twitter.com;sed;NORMAL
sbrissardqp;cwappleqp@t-online.de;convallis tortor risus dapibus;MALILLO
msansamgm;hskeathgm@vimeo.com;erat id mauris;MALILLO
jsuttonaf;bbasilottaaf@elegantthemes.com;duis ac nibh;BUENO
rlaysonip;ckertessip@eventbrite.com;sollicitudin mi;REGULAR
alias6r;wspitaro6r@studiopress.com;cursus urna ut tellus;BUENO
aveazeyf2;lgavanf2@businessweek.com;ultrices mattis odio donec;REGULAR
gcrasterl3;hwarhaml3@dropbox.com;vel;DIOS
jhambrick71;hdiemer71@deliciousdays.com;fusce;NORMAL
xharmarcl;rbuffincl@fastcompany.com;augue vestibulum rutrum;REGULAR
mspeachleyfd;mdewenfd@reuters.com;sollicitudin ut suscipit a;BUENO
jwarrickgq;stomblettgq@harvard.edu;justo sit amet;NORMAL
bmanuellolu;dkrysztowczyklu@cbc.ca;eleifend donec;NORMAL
frathbonejt;tnazarethjt@latimes.com;proin at;NORMAL
rbernardonle;amyhanle@upenn.edu;eu massa donec dapibus;PAQUETE
bstaresmeareq4;ctrilloq4@dailymail.co.uk;amet;MALILLO
jkilcullenf3;bskaidf3@zimbio.com;bibendum felis;REGULAR
pmasedonbu;lrogisterbu@simplemachines.org;nullam orci pede venenatis;BUENO
dogormallyjp;imaysorjp@cam.ac.uk;nonummy integer;DIOS
cjoskowicz19;vfinney19@ovh.net;congue risus semper porta;BUENO
oarnaldhq;msuffhq@earthlink.net;arcu libero;NORMAL
jalsinanq;badacotnq@weather.com;ut at dolor;MAQUINA
vwimmergi;criceardsgi@ameblo.jp;luctus tincidunt;BUENO
elowthorpe2b;dperkin2b@dmoz.org;bibendum morbi non quam;NORMAL
dlemmer4c;mlegister4c@hp.com;praesent blandit lacinia erat;BUENO
gwaterp0;eanthonp0@bloglines.com;lorem ipsum;NORMAL
glurrimann1;sropkinsn1@facebook.com;nullam varius nulla;MALILLO
mwillettscb;mcurmicb@google.com;in hac;NORMAL
acroxford1v;plintall1v@vkontakte.ru;ac neque;NORMAL
adurandir;imuddir@alibaba.com;nec;PAQUETE
ltaftbe;jmarnsbe@illinois.edu;volutpat dui maecenas tristique;MAQUINA
cgentile5;ubernardoe5@wix.com;donec odio justo sollicitudin;BUENO
jbatrimjz;wpechtjz@wordpress.com;quis libero nullam sit;PAQUETE
bviger1a;lhallifax1a@chronoengine.com;vitae ipsum aliquam non;REGULAR
rfrancilloh6;mwollersh6@paypal.com;ultrices posuere cubilia curae;MALILLO
mraddonlx;gbegginlx@cornell.edu;consequat dui;BUENO
alartice3j;jdrew3j@facebook.com;nec;BUENO
jlintottlv;rdenisckelv@wisc.edu;arcu;REGULAR
rtease5i;kshah5i@aol.com;pretium iaculis diam erat;MAQUINA
kbodemeaidbz;fconwellbz@unc.edu;ligula;PAQUETE
gchansonb3;hshellsheereb3@google.it;porta volutpat erat;NORMAL
cchownm0;tarrowsmithm0@wikimedia.org;pulvinar nulla pede ullamcorper;BUENO
dellickbo;hhawsbo@wisc.edu;aenean sit amet justo;MAQUINA
seldenp3;ckennfordp3@google.fr;eros elementum pellentesque quisque;MALILLO
shaslucke1;tbarnabye1@nytimes.com;egestas;REGULAR
adoutys;hocriganes@sfgate.com;vestibulum sed magna at;REGULAR
hmassingberda6;amolda6@jigsy.com;molestie lorem quisque;NORMAL
syetmanju;hmuddju@themeforest.net;suspendisse accumsan tortor quis;DIOS
levensdenq2;mmaccrannq2@google.com.au;sagittis sapien;MAQUINA
smonard4a;wpogson4a@fema.gov;sed nisl nunc rhoncus;MALILLO
kdewesjl;lparleyjl@oracle.com;dolor sit;NORMAL
cfilimore5v;adonegan5v@4shared.com;rutrum at lorem;DIOS
rlearieom;eleabeaterom@theguardian.com;hac;PAQUETE
psibbornhw;tleightonhw@com.com;magnis dis;BUENO
ebodleqn;fmattausqn@prnewswire.com;et ultrices posuere;REGULAR
ppeyej9;jchevinj9@tumblr.com;nulla nisl;MALILLO
sgrindellbs;mlukasenbs@bizjournals.com;nisl aenean lectus pellentesque;REGULAR
jconellypm;gstolbergpm@parallels.com;interdum mauris non;REGULAR
tgarment7a;cleadley7a@google.ca;etiam vel;DIOS
btweddell13;kgorvin13@elpais.com;at nibh in hac;MAQUINA
hswindlehurst52;gblaase52@weebly.com;viverra diam vitae;DIOS
mjosefsson9c;ckelly9c@seesaa.net;mattis nibh ligula;DIOS
pcroserop;vbeswetherickop@engadget.com;et magnis dis parturient;DIOS
sbirrellpy;ctardiffpy@aboutads.info;congue elementum in;NORMAL
beddolls9k;ntutsell9k@pagesperso-orange.fr;felis;NORMAL
atitcompd;kcossarpd@skyrock.com;lectus;NORMAL
gohannayc8;ccassedyc8@examiner.com;imperdiet nullam orci;MALILLO
cdonneely9e;bgribble9e@netscape.com;pede venenatis non sodales;NORMAL
rfortnamln;kgambleln@harvard.edu;cubilia curae donec pharetra;DIOS
rcasopw;zhalfpennypw@usnews.com;tortor risus dapibus augue;BUENO
kdelacour4z;sheake4z@soundcloud.com;mus etiam vel augue;REGULAR
emarshal1g;ktoretta1g@chronoengine.com;quis;BUENO
slotzef8;ssemmencef8@reuters.com;scelerisque mauris sit;MALILLO
sslipperdp;dmurrockdp@wikispaces.com;eu tincidunt in leo;BUENO
ejindacekd9;nsibrayd9@macromedia.com;sed;REGULAR
partinb1;kingamellsb1@wordpress.org;nisi;BUENO
tteodorik0;bgiottoik0@vk.com;in;BUENO
gortnerc3;edumsdayc3@illinois.edu;ac enim in tempor;MALILLO
rbrookeshm;sdelatremoillehm@wp.com;nisl aenean;BUENO
ckayzeren;bdonisien@mozilla.org;nisl aenean lectus;DIOS
abrowningl0;hraitl0@issuu.com;id;BUENO
atolanddo;esmythindo@vinaora.com;morbi non;PAQUETE
cwabeyrc;fyushankinrc@mapy.cz;mi pede malesuada in;BUENO
bmattusevichfi;akellsfi@163.com;maecenas;NORMAL
hjostg;wspriggg@cocolog-nifty.com;congue risus;MAQUINA
sbathurst6t;emenchenton6t@123-reg.co.uk;sed ante vivamus;BUENO
lmillyardq0;tsircombeq0@example.com;vitae ipsum;PAQUETE
mbewsyby;rclemendetby@bigcartel.com;sapien cursus vestibulum proin;DIOS
mearngycr;hmericcr@histats.com;suspendisse accumsan;NORMAL
nmetham2w;ehendricks2w@nature.com;justo lacinia eget tincidunt;BUENO
mpaoligl;dprudhamgl@bloglovin.com;nulla integer pede justo;REGULAR
lcahill8k;rverni8k@amazon.co.jp;sagittis sapien;MAQUINA
smcilmurrayf5;emctrustamf5@omniture.com;tristique tortor eu pede;MAQUINA
cilymanovp4;msarchwellp4@blog.com;consectetuer eget rutrum at;DIOS
myates3p;tgallear3p@omniture.com;consequat;PAQUETE
druhben73;wlawtie73@hud.gov;ut nulla;DIOS
gcortez5u;woddy5u@buzzfeed.com;tempor convallis;MALILLO
lbaldersonk7;eoglethorpek7@ft.com;consectetuer;PAQUETE
bferrillio27;obilney27@wix.com;nascetur ridiculus mus vivamus;DIOS
craulstone3n;rvear3n@epa.gov;nec euismod scelerisque quam;NORMAL
cgoldby5q;twildey5q@ft.com;pulvinar nulla pede;REGULAR
esigarsha;msmallthwaiteha@cam.ac.uk;lacus at;REGULAR
sheadechdy;tjakuszewskidy@amazon.com;libero quis orci nullam;NORMAL
astorresp1;bbrayleyp1@washington.edu;viverra dapibus;NORMAL
mcoyish2e;jlongcaster2e@disqus.com;rutrum ac lobortis vel;MAQUINA
cstancliffe6v;gvogeler6v@icio.us;vitae;REGULAR
igunbyp8;jaloigip8@youtube.com;curae mauris viverra diam;NORMAL
bzorzini1c;lcuphus1c@networksolutions.com;eu massa donec dapibus;PAQUETE
rbrimfieldk9;jpeppardk9@mac.com;suscipit ligula;PAQUETE
gbadammo;imoulandmo@liveinternet.ru;eget;DIOS
gblankingph;jpoatph@nih.gov;erat id mauris vulputate;MAQUINA
galabonem9;ewiltshierm9@histats.com;pede;BUENO
bgrammer7s;ekalisz7s@abc.net.au;eu massa donec dapibus;PAQUETE
ppeatjb;dogormanjb@house.gov;magna at nunc commodo;MAQUINA
vcuschieri5x;etomson5x@e-recht24.de;in tempor turpis nec;DIOS
rgersonbb;oizattbb@washington.edu;leo;PAQUETE
hworlidgehi;hbedwellhi@illinois.edu;suscipit;PAQUETE
mcottham17;gcamelin17@google.it;non;MALILLO
dkyddpq;gmanchettpq@washingtonpost.com;neque vestibulum eget;BUENO
bhollowsid;akeepeid@addtoany.com;dolor morbi vel;BUENO
rbrackpool8t;wdudlestone8t@privacy.gov.au;morbi porttitor lorem;MAQUINA
jrozenbaum7c;pgrimsley7c@soundcloud.com;odio curabitur convallis;MAQUINA
hdesantosa1;jwilsherea1@google.com.br;sapien cum sociis natoque;MALILLO
avondrasekk5;rhowittk5@themeforest.net;dis parturient montes nascetur;REGULAR
tvowles5t;gprigg5t@cnet.com;dictumst maecenas ut;MAQUINA
fmabson9i;pbleasdale9i@networksolutions.com;sit amet lobortis sapien;REGULAR
rsimmnf;sgrunwaldnf@jugem.jp;pede ac diam cras;PAQUETE
jforsaithk2;rburganek2@geocities.com;curae duis faucibus;DIOS
mairdai;aspurretai@printfriendly.com;ut dolor;BUENO
kstaff7k;gsilliman7k@mayoclinic.com;eu est congue elementum;BUENO
tjoslandf;aseysf@jalbum.net;ut erat id mauris;MAQUINA
wstearsjv;abertomierjv@flickr.com;aliquet;REGULAR
jjehaes9b;cgrahame9b@shop-pro.jp;nulla tempus vivamus;REGULAR
cstalfcv;amcgeniscv@biblegateway.com;posuere;REGULAR
ituckeyql;rduffitql@blogs.com;massa;MAQUINA
whallsworthk4;yfolomkink4@buzzfeed.com;lorem;REGULAR
jprobertr7;obransdonr7@gnu.org;id ligula suspendisse ornare;DIOS
ecundeyd;sbeagind@samsung.com;dapibus at diam nam;BUENO
mrobicbv;gtollfreebv@com.com;natoque;NORMAL
asealyjr;mshentonjr@webnode.com;amet sapien dignissim;MALILLO
epilgrimh2;jgrovenh2@livejournal.com;quis turpis;DIOS
dfevierke;dstagke@mac.com;erat volutpat in congue;MALILLO
jhopkyns6q;rcaudle6q@latimes.com;posuere felis sed;BUENO
diliffkw;bhaulkhamkw@imageshack.us;viverra eget;MALILLO
ashaperac;lchampionc@yahoo.co.jp;orci;REGULAR
tkemetzhl;ksaterweytehl@un.org;sapien a libero nam;MAQUINA
ewoodfield98;hcahillane98@1und1.de;dolor morbi vel;DIOS
pbearnk;sparkynsnk@telegraph.co.uk;ut tellus nulla ut;NORMAL
cgilleynm;ajohananoffnm@webnode.com;erat quisque erat;BUENO
akenewelct;dgopsellct@quantcast.com;donec;REGULAR
cgibbardau;ifaireau@archive.org;mus;MAQUINA
asinclaire80;lgrievson80@moonfruit.com;dui maecenas tristique;BUENO
jkirtleyh4;mmussetth4@sitemeter.com;sapien urna pretium nisl;REGULAR
dfayrefo;wvasilischevfo@earthlink.net;ac;DIOS
gjeskinsoo;pwhytockoo@ftc.gov;egestas metus;MALILLO
lzanazzij2;dmcclurej2@prweb.com;nisi vulputate nonummy;REGULAR
dharlettdv;jliquorishdv@myspace.com;mi sit;MALILLO
ckinsleym4;zamorinem4@liveinternet.ru;quam sapien;DIOS
earundele0;bhackworthye0@meetup.com;vivamus vel nulla;NORMAL
wtassellan;brotchellan@nih.gov;in;REGULAR
oegleofgermany6l;fvedenyapin6l@psu.edu;lectus in quam;MALILLO
kjasikia;ebardwellia@facebook.com;tortor duis mattis egestas;BUENO
esaenzgc;gbeevisgc@omniture.com;in hac habitasse platea;MALILLO
wparramor;tleneveor@amazon.com;lorem quisque ut;MALILLO
gclineck1w;mtym1w@sourceforge.net;nisl duis ac;MALILLO
ajoanicdt;cburgumdt@drupal.org;at nunc;MAQUINA
dlamondoe;zyockleyoe@freewebs.com;nisl aenean lectus pellentesque;BUENO
aberrycloth89;dscoullar89@nyu.edu;convallis nulla neque;MAQUINA
rquadeh3;rbradshawh3@ning.com;lectus suspendisse;REGULAR
gbenoisp6;sleehanep6@mozilla.com;volutpat;PAQUETE
wsimonetonep;aphilippsohnep@linkedin.com;rutrum nulla tellus in;DIOS
hlechmere8r;bvinsen8r@t.co;aliquam sit amet diam;MALILLO
eyarnton1;ltroth1@myspace.com;orci;MAQUINA
sacomb3w;bmatskiv3w@list-manage.com;nisl nunc;REGULAR
jroycroftb0;rquartleyb0@mail.ru;non lectus;NORMAL
dbolleydz;boneilldz@smh.com.au;dolor sit amet;MAQUINA
swallworkej6;gmacgiollapheadairj6@nasa.gov;vestibulum quam;PAQUETE
avanhallehy;sjojichy@sciencedirect.com;eget tempus vel pede;PAQUETE
bdickof;acoldtartof@nationalgeographic.com;ridiculus;REGULAR
amitchensonc9;mbothenc9@nih.gov;aenean;DIOS
krobertisq8;cebertsq8@dagondesign.com;rutrum nulla nunc purus;PAQUETE
emckinleya0;moliviaa0@google.com.br;vestibulum velit id;BUENO
ccamili9f;tfilippo9f@angelfire.com;imperdiet et commodo vulputate;DIOS
vpotteridgebt;odoneganbt@webs.com;nunc;DIOS
ckinghorneku;kmeneoku@google.ca;suscipit a feugiat;DIOS
ftethacotpj;fszimonipj@baidu.com;est congue elementum;PAQUETE
cedysonme;llieme@loc.gov;bibendum imperdiet nullam;BUENO
mswaindc;etatteshalldc@exblog.jp;in sapien iaculis congue;DIOS
mjorgqr;pkohrdingqr@about.com;in tempor turpis nec;DIOS
fpriggcc;ekahanecc@ask.com;non;MALILLO
bjirickaa3;mrozanskia3@google.es;donec ut dolor morbi;DIOS
dstovineab;cthiemab@si.edu;in porttitor;REGULAR
apiochhe;ttayntonhe@unc.edu;est lacinia;MALILLO
psabatierfm;vdriussifm@google.com.hk;quisque;REGULAR
lcampey7u;ggansbuhler7u@cnet.com;est quam pharetra magna;NORMAL
mboteman88;syitzovitz88@discuz.net;ut rhoncus;BUENO
vjennawayic;gfreschiic@telegraph.co.uk;quam fringilla;PAQUETE
tsharramgh;boshevlingh@howstuffworks.com;donec quis;MALILLO
swevelliu;smogenotiu@google.com.hk;mus;PAQUETE
mtivnan8a;amaccarlich8a@simplemachines.org;massa tempor;MAQUINA
mnannonigr;whaslewoodgr@earthlink.net;tristique;DIOS
dmaccaheyih;bradborneih@weibo.com;in eleifend quam a;MALILLO
hfouldesc2;rcricketc2@utexas.edu;quis;BUENO
laimern;vpointsrn@seesaa.net;posuere;BUENO
abagotgk;cmorguegk@samsung.com;turpis;PAQUETE
stinmanlt;jhawtonlt@ameblo.jp;justo sit amet sapien;DIOS
rbirtlesfy;bluebbertfy@mysql.com;massa quis augue;MALILLO
seastbrookfj;bbillsonfj@businesswire.com;nunc rhoncus dui vel;PAQUETE
rrumgay60;dprynne60@umich.edu;rutrum;REGULAR
bmcclaryfe;lfreynefe@jugem.jp;cum;NORMAL
sgreedol;jmillol@dmoz.org;scelerisque quam;PAQUETE
bmaccaughenr9;amadiner9@goodreads.com;suscipit ligula in;PAQUETE
lshureyer;fbaseleyer@japanpost.jp;etiam pretium;MAQUINA
jgehrtzmd;bguillondmd@bloglovin.com;lacinia aenean sit;REGULAR
amccue7e;bskim7e@statcounter.com;magna vulputate luctus cum;REGULAR
rosmond5h;nnuzzetti5h@economist.com;risus dapibus augue vel;REGULAR
eoakenfieldh1;hpierceyh1@oracle.com;at lorem integer;PAQUETE
dailwardf4;tblencowef4@reference.com;morbi porttitor lorem id;REGULAR
smeighanel;gchadbourneel@va.gov;massa;MALILLO
aganfordf7;hjemmisonf7@imgur.com;vestibulum sagittis sapien cum;DIOS
elemmp7;droswarnep7@wordpress.com;lorem;REGULAR
azanioloav;cwealeav@unc.edu;ligula suspendisse;MAQUINA
kleirmonth3h;aimbrey3h@wikipedia.org;iaculis congue;NORMAL
njackes7d;ngiovannazzi7d@xrea.com;orci nullam molestie;BUENO
hleiversqo;tmellodyqo@eventbrite.com;ultrices;PAQUETE
amallabund2m;cjanuszkiewicz2m@bloglovin.com;primis in;NORMAL
torteu6b;aallchorne6b@cbc.ca;turpis elementum;PAQUETE
qself2d;lrichardson2d@yolasite.com;sapien a;PAQUETE
ateresibr;ejoddinsbr@comcast.net;diam;PAQUETE
cfeek3l;kdefilippis3l@huffingtonpost.com;sed lacus;PAQUETE
erobins2y;geccleshare2y@soup.io;proin risus praesent lectus;REGULAR
zshewardca;lorysca@barnesandnoble.com;vitae quam suspendisse potenti;NORMAL
gharby2i;klimbourne2i@alexa.com;mauris non;MALILLO
shamberstonemv;ibrinsfordmv@tumblr.com;consequat ut nulla sed;PAQUETE
mcambridge5g;ileveret5g@nba.com;in leo maecenas;BUENO
gmidnerl9;krobkerl9@npr.org;donec diam;REGULAR
hmacdwyerhs;ncornewhs@meetup.com;ipsum primis;PAQUETE
gvegasi5;mbussonsi5@columbia.edu;fringilla;REGULAR
bbroebw;ebriteebw@wsj.com;in;MALILLO
mroffmx;cfuchermx@digg.com;lacinia nisi venenatis;MAQUINA
gellamse6;gshercliffe6@about.com;a ipsum integer a;REGULAR
mpozereo;dmcgrealeo@oaic.gov.au;maecenas tristique est et;MAQUINA
lashbem1;pbotterillm1@nytimes.com;vel;MAQUINA
tkehoeoz;aalldreoz@phoca.cz;quis;MALILLO
scavoliniq3;csaywardq3@mtv.com;faucibus;PAQUETE
hjurasek2q;eseiffert2q@chicagotribune.com;urna ut tellus nulla;NORMAL
ldorreld;ijerkeld@t-online.de;pede ac;BUENO
jkoppe3c;bgowling3c@symantec.com;posuere;NORMAL
vmoyer23;aegleton23@live.com;sodales sed tincidunt;DIOS
bsantora96;sbatchellor96@intel.com;sit amet;MALILLO
mcolbrunh8;obakhrushinh8@behance.net;hac habitasse;BUENO
chasseybd;ptouhigbd@networksolutions.com;in consequat ut;PAQUETE
vbordessa78;sdevine78@people.com.cn;est;REGULAR
jstowkd;jmertschingkd@icq.com;pellentesque ultrices mattis odio;MAQUINA
qjuarezi0;tparisi0@google.es;felis sed;BUENO
rmanghamni;aantonomoliini@ask.com;ut;NORMAL
tcayetgt;cglydegt@cpanel.net;tortor;BUENO
dmattosoff37;kmarde37@whitehouse.gov;placerat;MAQUINA
xchainey65;agoodredge65@ft.com;accumsan odio curabitur;REGULAR
cvanstonel7;rlemaitrel7@ox.ac.uk;magna vulputate;MAQUINA
scorainib;gstureb@discuz.net;sed accumsan;MALILLO
lcaplis1k;aurey1k@printfriendly.com;rutrum ac lobortis;REGULAR
jglazeej;cmcswanej@utexas.edu;porttitor lorem id;BUENO
gmcall77;gbearman77@fastcompany.com;sed augue;MALILLO
sschottliew;mfranzewitchew@earthlink.net;massa id lobortis convallis;NORMAL
whavershamkr;kjozefowiczkr@europa.eu;sapien sapien;REGULAR
cmullinder4o;mkear4o@newyorker.com;imperdiet nullam orci pede;MALILLO
arawlincf;amicklewrightcf@eepurl.com;sed interdum venenatis;PAQUETE
nmalkinfn;mwinterbornefn@wordpress.org;quam turpis adipiscing lorem;PAQUETE
agarreltsn;kbenedickn@washingtonpost.com;vitae consectetuer eget rutrum;MAQUINA
gscreen43;cnormavill43@examiner.com;aliquam augue quam;MAQUINA
rsmelliejw;bromajw@hexun.com;donec odio justo;MALILLO
fheliotbk;spetrollibk@google.de;habitasse;DIOS
phinkleyff;odursleyff@jalbum.net;dis;REGULAR
cohm8i;ipeirce8i@studiopress.com;donec dapibus duis at;NORMAL
lmckevany33;scloonan33@hubpages.com;accumsan odio;DIOS
dstopforth4v;caronov4v@php.net;mauris;PAQUETE
bhuegett7y;scamfield7y@msu.edu;quisque ut;MAQUINA
garnautok;kbedlingtonok@sohu.com;cras non;BUENO
ssemaine1f;fmatchett1f@i2i.jp;sed augue;MALILLO
cempsoni7;ssimaki7@sitemeter.com;sagittis nam congue risus;PAQUETE
jcoit8o;gpickavant8o@mail.ru;sit;NORMAL
bdreakineg;atumeeg@ox.ac.uk;lacinia;MAQUINA
Martin;martin@gmail.com;Repo;DIOS
dwhistan61;tbishopp61@hatena.ne.jp;vestibulum rutrum rutrum;BUENO
agerraty4l;dgabe4l@java.com;rutrum neque aenean;NORMAL
bsimicjj;smacgibbonjj@usatoday.com;quis lectus;DIOS
khelliwell36;gjeenes36@t.co;donec vitae;PAQUETE
gpeers8p;dpitson8p@google.de;amet sapien dignissim;BUENO
nmcgowanj1;carnaldj1@icio.us;vel;MALILLO
vbesnardeaurk;ksouthgaterk@nationalgeographic.com;volutpat;MALILLO
ddrage6k;handrat6k@boston.com;quis tortor id;MAQUINA
jstokellfu;dberminghamfu@redcross.org;vehicula;BUENO
lgreenenl;cbeavernl@usatoday.com;sit;PAQUETE
iminihane2o;mmanthorpe2o@nba.com;justo pellentesque viverra;BUENO
acrebo4s;dsmithe4s@quantcast.com;luctus;MAQUINA
eglamart7x;bturfin7x@toplist.cz;vestibulum ante ipsum;MAQUINA
bepine8w;wruggen8w@slashdot.org;sodales scelerisque mauris;MALILLO
cpigramr4;hmaccaigr4@accuweather.com;a;PAQUETE
lbothamn5;cdoughilln5@dion.ne.jp;morbi;NORMAL
lgrissett7p;ydarben7p@macromedia.com;convallis eget eleifend luctus;BUENO
kyausf6;speerf6@admin.ch;purus aliquet;MALILLO
mwanderschekge;mdodgshonge@blog.com;odio cras mi;MAQUINA
htippinqj;ibruniqj@house.gov;purus phasellus;BUENO
tmullineux6n;mparfrey6n@jalbum.net;magna;DIOS
acockrillhb;mpinchonhb@over-blog.com;montes;MAQUINA
eputnama7;hsackera7@seesaa.net;vestibulum;BUENO
pachurch3e;stinto3e@yellowbook.com;lacinia nisi;MAQUINA
nbettisg2;gkiddyeg2@meetup.com;risus;REGULAR
rmeanwell9q;mmccrostie9q@blogger.com;donec dapibus duis;NORMAL
bsimacekqg;aschwaigerqg@vinaora.com;sed lacus morbi sem;REGULAR
dfaudrieh5;daugarh5@hatena.ne.jp;dolor;REGULAR
klydfordh9;ckeartonh9@51.la;lacinia erat;MAQUINA
mskate95;bemig95@sina.com.cn;habitasse;REGULAR
kgreenercu;ehawgoodcu@mashable.com;est;NORMAL
gdunabiehu;nkemitthu@tripadvisor.com;vulputate elementum nullam;MALILLO
asheppeynp;ghutleynp@reuters.com;est;DIOS
lgraber3;cnelthrop3@angelfire.com;nisi eu orci mauris;DIOS
gjeppeh;rcossonsh@1688.com;amet;PAQUETE
mmaliphantmi;ltwohigmi@com.com;non;BUENO
htreesgj;zodunniomgj@google.ru;dictumst maecenas;BUENO
pwynnbp;amoverleybp@dot.gov;integer pede justo lacinia;MAQUINA
mkivellu;scraneu@gov.uk;quis augue luctus tincidunt;MALILLO
lwalesby93;chaberjam93@gov.uk;malesuada in imperdiet et;MALILLO
egaddiemn;ascocroftmn@github.io;orci luctus et ultrices;NORMAL
criggmk;jrosemk@harvard.edu;eu interdum eu tincidunt;DIOS
stomsu1z;apembery1z@guardian.co.uk;massa id lobortis;PAQUETE
wbrewseal;soldredal@goo.gl;sed;PAQUETE
hnovotne11;mkerans11@artisteer.com;purus eu;REGULAR
ppankhurstb7;bmabbeb7@reddit.com;elementum ligula vehicula consequat;BUENO
adraco3m;gmacskeagan3m@ustream.tv;odio consequat varius;DIOS
kslowlyo1;lgalegoo1@amazon.co.uk;dis parturient montes nascetur;NORMAL
etosney9x;sfrushard9x@mozilla.org;consectetuer eget rutrum at;MALILLO
ddossettorix;frennekeix@xrea.com;interdum in ante;PAQUETE
rleopoldgw;rbertolaccinigw@nhs.uk;curabitur in libero ut;MAQUINA
dvignal1x;bferrettini1x@weibo.com;eget;MAQUINA
pluckeye8;broopere8@theatlantic.com;libero quis orci;BUENO
cbriereton3x;moloman3x@photobucket.com;sit;BUENO
bgolagleym5;jleicesterm5@instagram.com;tortor;PAQUETE
dpigeramhr;ojakubovitchhr@nature.com;lorem id ligula;DIOS
gkingswoodng;rbienvenung@discovery.com;risus;MAQUINA
ofetherstan74;kschonfeld74@nyu.edu;sed lacus morbi;MALILLO
nbonafacinog3;jmenendezg3@xrea.com;posuere;REGULAR
kgooderickoq;turryoq@goo.gl;orci;REGULAR
asalter4m;lbernardot4m@gov.uk;ac nibh fusce lacus;DIOS
adrains84;jconfort84@go.com;venenatis;MALILLO
bcalcottmt;beakenmt@europa.eu;dolor;BUENO
sphliponfb;wgarardfb@icq.com;pellentesque viverra;DIOS
lpagin1e;ijosham1e@bloglovin.com;sollicitudin mi;MALILLO
eovenellcy;trustmancy@smugmug.com;ligula;NORMAL
hclemensd1;ahaseldend1@altervista.org;justo pellentesque viverra pede;NORMAL
ehambatchqi;ckiledalqi@hud.gov;tortor duis mattis;MAQUINA
ctinhamn9;tlowndesn9@bbb.org;morbi;BUENO
yhucklebyjx;ajindracekjx@blogger.com;tristique tortor eu;PAQUETE
ctattonf9;tdamettif9@oakley.com;lobortis;REGULAR
flumbyc7;jwhithamc7@artisteer.com;gravida;MALILLO
wbedellslq;lkitchasidelq@nationalgeographic.com;quam pede lobortis ligula;MAQUINA
summfreyrg;cabellarg@amazon.co.jp;orci luctus;PAQUETE
gyacobsohn7r;gfairhead7r@ameblo.jp;et magnis;BUENO
jgiacovettidx;dstairsdx@biglobe.ne.jp;semper est;MAQUINA
arowesby1u;dtanfield1u@archive.org;semper sapien a libero;DIOS
fprimo4w;pheadrick4w@mozilla.org;augue vel accumsan;DIOS
gwandrackhp;ttinseyhp@mac.com;cras mi pede;PAQUETE
mharmeston5f;iskupinski5f@w3.org;duis at velit;MALILLO
rcallendar5y;kroggeman5y@cargocollective.com;sagittis nam congue risus;MAQUINA
vpenley2x;bbedow2x@ehow.com;sed accumsan;BUENO
mtingeyik;gpenhallurickik@cmu.edu;quis lectus;REGULAR
bmilburne4e;mowenson4e@topsy.com;hac habitasse platea dictumst;NORMAL
lbalsdonej0;wortzenj0@newyorker.com;sit amet;BUENO
cnazareth2s;mgaitone2s@histats.com;nisi nam ultrices;NORMAL
edrinkall6w;thalsho6w@amazon.de;ac enim;REGULAR
whuxterny;jemanueliny@trellian.com;ultrices mattis odio donec;REGULAR
cstillwelli4;rbanbricki4@upenn.edu;suspendisse potenti;PAQUETE
gsmullenlc;ekilbanelc@feedburner.com;sapien sapien non;MAQUINA
ccaurah6x;tvogelein6x@nymag.com;viverra;PAQUETE
fpenreth2z;emaith2z@reddit.com;ipsum dolor sit amet;NORMAL
afarrensjn;kkellettjn@unesco.org;iaculis justo in hac;DIOS
dpearceyks;aternouthks@imgur.com;fusce;BUENO
gpaddefield50;hlow50@goo.gl;in;BUENO
iswigger6f;eluckie6f@4shared.com;ipsum primis in;REGULAR
kpeirpointgs;vmcgilmartings@smh.com.au;consequat nulla;NORMAL
jcrouchat;hgouldsmithat@walmart.com;quisque porta volutpat;PAQUETE
ccansdillrd;vginnellrd@netlog.com;morbi;PAQUETE
ngibbyi3;bdedantesiei3@163.com;pede lobortis;REGULAR
dlevingj5;bkitchinj5@is.gd;felis sed;BUENO
wseviour7i;cbembrick7i@google.nl;lobortis est;MAQUINA
tczajkai;rheliari@amazon.com;consequat ut;MAQUINA
mchaveybi;cmuddbi@yahoo.com;mi in porttitor;NORMAL
ashawyershn;mledgewayhn@cloudflare.com;dis parturient montes;PAQUETE
kpennycn;plidgettcn@princeton.edu;turpis;MAQUINA
cloffelnt;rdangelint@i2i.jp;lectus suspendisse potenti in;NORMAL
cvankov2;gscothorne2@imgur.com;praesent blandit;MAQUINA
rkierann0;gspeendenn0@flickr.com;nisl aenean lectus;NORMAL
scufleymg;bdenermg@china.com.cn;faucibus accumsan;MAQUINA
narmatagea;ppaybodya@csmonitor.com;commodo vulputate;NORMAL
hseeryd8;knewsteadd8@newsvine.com;augue quam sollicitudin vitae;REGULAR
kepiscopio63;ghigford63@google.com.au;ipsum;NORMAL
musmarfs;vgeorgotfs@sun.com;in congue;NORMAL
jtrehernegy;nwhetlandgy@symantec.com;imperdiet sapien;PAQUETE
kswadenq1;lgroverq1@infoseek.co.jp;in ante;MALILLO
aodhamsey;ppotteryey@networkadvertising.org;potenti in;REGULAR
cskellingtonb9;rguionb9@paypal.com;leo rhoncus;DIOS
etower1h;slanfere1h@latimes.com;suspendisse;MALILLO
wpringuer34;rtabourel34@shinystat.com;sem sed sagittis;DIOS
jresun3y;stempleton3y@tripod.com;ultrices mattis;DIOS
jgarie8v;mcheeney8v@is.gd;ipsum integer;MALILLO
ekidsonlh;btippinglh@chron.com;luctus et ultrices posuere;MAQUINA
sbluett5p;bisted5p@rakuten.co.jp;morbi vestibulum velit id;NORMAL
bscroytonht;ykorpolakht@typepad.com;a ipsum;PAQUETE
cdymentbf;mguerrerobf@nbcnews.com;at velit vivamus;MALILLO
tgoughrf;mjandelrf@hc360.com;sit amet justo;REGULAR
acowede;cgilfoyde@state.tx.us;lacinia sapien quis libero;NORMAL
wbruinsmag9;mbrashg9@vistaprint.com;eu;PAQUETE
ageggll;syurevichll@zdnet.com;nulla dapibus dolor vel;DIOS
astreetsh7;egreensmithh7@scribd.com;tristique;BUENO
tlancashire1i;foffen1i@nature.com;placerat ante nulla justo;MALILLO
ndewinton48;mbang48@slideshare.net;urna pretium nisl ut;NORMAL
kmullerd5;wmitrikhind5@reddit.com;sem mauris laoreet;DIOS
jdowallp9;kcarcasp9@washingtonpost.com;ipsum integer a nibh;MAQUINA
rwahncke3g;hgeram3g@chronoengine.com;curabitur in;REGULAR
alicciardiellolr;cmclarnonlr@weather.com;odio porttitor id;DIOS
gdanceycd;aragatcd@feedburner.com;convallis;DIOS
dstanett1n;cgioan1n@npr.org;vulputate nonummy maecenas;PAQUETE
apottingerdw;bmetrickdw@networksolutions.com;integer ac neque;MAQUINA
amathwin66;dgrinin66@merriam-webster.com;tincidunt lacus;MALILLO
bgainfortr3;clamortr3@mysql.com;justo aliquam;DIOS
fferrieroi2n;nmacanespie2n@mapy.cz;faucibus orci luctus et;MALILLO
lalecock40;sarnaldo40@loc.gov;faucibus;NORMAL
ehagardkc;bheditchkc@mediafire.com;felis;PAQUETE
correttc0;tcrowchec0@marriott.com;vitae;PAQUETE
jtomes5c;hcattemull5c@youtube.com;faucibus;BUENO
warmsden67;bcoursor67@foxnews.com;justo;PAQUETE
driha7f;rjiracek7f@cargocollective.com;erat quisque erat;REGULAR
jblythe4b;vtinghill4b@wp.com;nec;BUENO
eswadling99;aparkin99@linkedin.com;in sagittis dui vel;REGULAR
psimeonimf;wharowermf@paginegialle.it;molestie hendrerit at;DIOS
iruthen4j;jdraper4j@bing.com;massa quis augue luctus;MAQUINA
ulyptradecm;bcicchitellocm@gizmodo.com;mauris laoreet ut rhoncus;MALILLO
lhintzer2j;mmillimoe2j@tuttocitta.it;quis;MALILLO
lkenworth5b;vgatlin5b@163.com;nisl aenean;NORMAL
rhumburtonqy;zfrancelloqy@google.ru;vitae nisi;MALILLO
gmckagueh0;fbriarh0@businessinsider.com;dictumst morbi vestibulum velit;REGULAR
phalsworthkx;hjakobssonkx@people.com.cn;vestibulum ante ipsum primis;MAQUINA
slangley5d;gdeniske5d@youtu.be;porttitor lorem id;DIOS
tcashman87;gcranson87@jugem.jp;volutpat sapien arcu;PAQUETE
ewark1j;cgoldson1j@dailymail.co.uk;mauris ullamcorper purus;NORMAL
ngrimolbiemp;cchuggmp@marriott.com;fusce lacus purus;MAQUINA
vfarleighiz;vvondrysiz@microsoft.com;felis donec;NORMAL
lrosonipc;tanmorepc@theguardian.com;velit donec;BUENO
vdomek4f;pantonchik4f@forbes.com;elit proin risus praesent;REGULAR
rduigenan59;dmeneghi59@cloudflare.com;pulvinar sed nisl;PAQUETE
cgarrardiy;scarmeliy@nsw.gov.au;tortor;NORMAL
fcazereaubl;tkisarbl@umich.edu;ut dolor;MAQUINA
nsealea9;sllewellena9@forbes.com;tristique tortor eu pede;MALILLO
hsegare;jvanthoffe@pagesperso-orange.fr;convallis nulla neque libero;PAQUETE
cwindybank8c;tedwicker8c@clickbank.net;lacus purus;REGULAR
rchastagnierb4;mdelacourtb4@t-online.de;non sodales sed tincidunt;PAQUETE
blanderseu;dvuitteeu@wunderground.com;vestibulum rutrum rutrum neque;BUENO
mdemongel;cvanbruggenl@yandex.ru;mi;BUENO
wprestneycz;rgunningcz@elpais.com;lectus pellentesque;PAQUETE
jatwelhx;thawksleyhx@about.me;quisque;NORMAL
jbisiker6y;rsorbie6y@theglobeandmail.com;consectetuer adipiscing elit;PAQUETE
sstammerft;cewingsft@yandex.ru;ut erat;REGULAR
fdrakesnc;rlimbricknc@symantec.com;vestibulum rutrum;MAQUINA
feveralloa;mpearceoa@jigsy.com;sodales scelerisque mauris sit;BUENO
sannellhh;cheinshhh@cdc.gov;quisque arcu libero;DIOS
gdrennanrl;itunsleyrl@zimbio.com;massa tempor;BUENO
tpriceds;jbeggsds@de.vu;accumsan felis;NORMAL
ckarlssono7;ehaddletono7@tiny.cc;posuere cubilia;MALILLO
mwagerfielddn;mshakeladydn@constantcontact.com;dui vel nisl;BUENO
agliddon25;rmurdy25@examiner.com;in felis donec semper;DIOS
htaylo4u;lgrasser4u@quantcast.com;ante vestibulum ante;REGULAR
bleggatgd;rokennygd@mashable.com;elementum;MALILLO
igemmilln6;rhubbertn6@facebook.com;cubilia curae;DIOS
ctofanelliov;klougheadov@sogou.com;convallis duis consequat dui;MALILLO
mchunggb;ibottonergb@addthis.com;commodo placerat praesent;MALILLO
elishmangx;jpreddlegx@alibaba.com;rhoncus;DIOS
dbollardbn;jskippbn@cargocollective.com;eget;REGULAR
ngadsdenoj;mstpierreoj@free.fr;sem sed sagittis;DIOS
tspontonc1;ilissandric1@cdc.gov;ultrices posuere cubilia curae;MALILLO
crivettmy;tfogtmy@soundcloud.com;blandit mi in;MAQUINA
lwaliszewskion;imckeranon@washington.edu;mauris non ligula;PAQUETE
plaughrenaa;hblairaa@deviantart.com;pede ac diam;PAQUETE
gkristoffersson8n;cottam8n@harvard.edu;ipsum primis;REGULAR
tmapotherki;icuzenki@statcounter.com;venenatis lacinia aenean;NORMAL
agebb86;cpristnor86@histats.com;libero non mattis;DIOS
efabernn;swillgressnn@timesonline.co.uk;dictumst maecenas;NORMAL
bschieferstein2l;sleetham2l@ed.gov;neque sapien placerat ante;MAQUINA
dghidotti8x;jthackeray8x@yolasite.com;praesent id;NORMAL
mthomsi1;vmerrydewi1@about.me;massa id;DIOS
nharwoodhc;mdrifehc@weibo.com;bibendum imperdiet nullam orci;DIOS
mclyde3t;vtompion3t@tinyurl.com;at ipsum ac tellus;MALILLO
phillam82;tpetasch82@loc.gov;facilisi cras;DIOS
ljessopay;dpreonay@blinklist.com;praesent blandit lacinia erat;PAQUETE
gmatuszynski3o;cstiegars3o@vistaprint.com;cursus;BUENO
abowenfw;mrishworthfw@admin.ch;congue;MALILLO
igoodswenmc;jmaycockmc@flavors.me;ac lobortis vel dapibus;PAQUETE
blauxmannno;sduceno@aol.com;orci luctus et;REGULAR
dnorsterdu;droomesdu@elpais.com;at vulputate vitae nisl;NORMAL
cseatondl;jcoutthartdl@yellowbook.com;massa;MALILLO
ostot5e;kattreed5e@walmart.com;sed ante vivamus;REGULAR
gfowlestoneg7;kmasdeng7@dedecms.com;quis lectus suspendisse;MALILLO
imessamqd;mclinningqd@blogspot.com;donec dapibus;BUENO
kaldrichli;rdenyerli@theguardian.com;ut erat curabitur gravida;PAQUETE
sjahnke3f;aassel3f@redcross.org;mus;MAQUINA
ccervantes39;jshakeshaft39@qq.com;curae mauris viverra;REGULAR
cprykene;monionsne@economist.com;nisl aenean;PAQUETE
bludeeqk;gmchargqk@apache.org;est quam pharetra;DIOS
wsymcoxev;ktumpaneev@google.nl;rutrum;BUENO
gdoyleyga;rkeeriga@histats.com;in faucibus;REGULAR
ptimlinlw;dberryannlw@nbcnews.com;feugiat;BUENO
btarborni8;cwhiteseli8@cocolog-nifty.com;felis fusce;BUENO
epuddephattqt;gaickenqt@comcast.net;donec diam neque;DIOS
cedworthyeo5;zhaggarto5@xing.com;quam sapien varius ut;REGULAR
rhugonnetdb;rnapolionedb@blogger.com;orci mauris lacinia sapien;PAQUETE
ashilliday56;ckissick56@cocolog-nifty.com;ac;MALILLO
ikeatch8s;gstearn8s@bbc.co.uk;interdum mauris non;PAQUETE
cdummer9p;bbatistelli9p@mozilla.org;varius ut blandit non;BUENO
emaesek;laustwickek@salon.com;sapien;MALILLO
byandell6z;fodyvoie6z@liveinternet.ru;iaculis;NORMAL
lemanuelinr;pwilsdonnr@buzzfeed.com;nullam;PAQUETE
pkenzie3s;rcraighall3s@imageshack.us;mauris ullamcorper purus;MAQUINA
kgreener70;mfurby70@live.com;fusce consequat nulla;PAQUETE
slaybornbc;mbellellibc@ebay.co.uk;molestie lorem quisque;MALILLO
hfinkml;imenicombml@networksolutions.com;tincidunt;MAQUINA
ldarwinrm;cmacdonellrm@google.com.au;primis;MALILLO
esmeed4g;okrzysztof4g@sakura.ne.jp;nunc proin at turpis;MAQUINA
kmchaffy72;smitchinson72@nytimes.com;ante;REGULAR
gsergeanoc;aschwanderoc@furl.net;ultrices phasellus id;MAQUINA
rdeclerchf;mrapleyhf@irs.gov;ultrices mattis odio;DIOS
yweemslm;kclaillm@wikipedia.org;pede;NORMAL
ffilasov45;sgeldart45@printfriendly.com;pulvinar;REGULAR
ashirtcliffe8q;llalonde8q@hostgator.com;nisi volutpat eleifend donec;MAQUINA
shightownk;pimortsk@mysql.com;pretium iaculis diam erat;PAQUETE
shunnamm7;pstrathearnm7@ow.ly;pede;BUENO
dsprott5a;clorant5a@wix.com;molestie hendrerit at;NORMAL
lbruniniak;lnolleauak@joomla.org;ultrices posuere cubilia;MALILLO
mwinterborner0;gdutteridger0@blogspot.com;ac leo;PAQUETE
jclimoz;tibbottz@nps.gov;imperdiet et commodo;NORMAL
apickthallez;rsydallez@yolasite.com;vestibulum aliquet ultrices erat;BUENO
ctawngo;daughtongo@icio.us;blandit non interdum;PAQUETE
rcarnallkz;bcreweskz@hud.gov;duis;NORMAL
yadvanie9;singone9@sitemeter.com;in;NORMAL
cbridgland51;dpenhalewick51@google.com.br;donec;BUENO
bdisman18;mruckhard18@chicagotribune.com;turpis;DIOS
sbareford6j;mcormode6j@harvard.edu;odio cras mi;DIOS
ptrowl5k;sgilbard5k@discovery.com;bibendum morbi;MAQUINA
bdurkerpt;rpurselowpt@narod.ru;in tempor turpis;NORMAL
sbolinoit;jlaguerreit@xrea.com;leo rhoncus sed vestibulum;MALILLO
fvuittei6;dpaleri6@nationalgeographic.com;sapien urna;MAQUINA
mwalsh9d;csowood9d@taobao.com;ultrices mattis odio donec;MALILLO
skenryd6i;dmalden6i@wordpress.org;justo;MAQUINA
rmacdearmontka;enarrawayka@msn.com;augue a;MAQUINA
odenis53;bcripwell53@t-online.de;urna ut tellus;BUENO
oprahmam;wmarchandam@t-online.de;dui nec;BUENO
tgentschje;dleemansje@dedecms.com;tincidunt;NORMAL
ekabischnb;sdannettnb@dailymail.co.uk;egestas metus aenean;DIOS
emelliardot;cmegaineyot@miibeian.gov.cn;nisi volutpat eleifend donec;NORMAL
jmcgettrickqb;bdannettqb@t.co;est donec;BUENO
kshorlandj3;ltillej3@webeden.co.uk;ipsum dolor;REGULAR
aliversagepk;repplepk@marriott.com;eget;BUENO
ndodamead85;ejobbins85@ezinearticles.com;vel ipsum praesent;MALILLO
dhemphrey6g;gpedel6g@furl.net;tortor duis mattis;MAQUINA
ldobkinfz;bkidneyfz@prnewswire.com;posuere cubilia curae;BUENO
hdarrachla;abrellinla@hp.com;at;REGULAR
rantuoni38;kberrie38@yale.edu;in;REGULAR
aevalk;erichmontlk@disqus.com;penatibus et;DIOS
khubeauxhv;mbulbrookhv@noaa.gov;libero ut;DIOS
iyellri;groseburghri@google.nl;volutpat sapien;MALILLO
jspensleyjq;ttippelljq@amazonaws.com;pulvinar;DIOS
qconnollylp;cfaichlp@arstechnica.com;dapibus dolor vel est;MALILLO
lmoakler9w;mbown9w@a8.net;dictumst aliquam augue;BUENO
lgroveham83;cchurchard83@telegraph.co.uk;vitae nisl;BUENO
ahannum1r;abean1r@myspace.com;sit;NORMAL
dpoltonefv;osemperfv@diigo.com;in;MAQUINA
jwheeliker15;fbrennan15@desdev.cn;non;MALILLO
wmacilraithow;pinwoodow@desdev.cn;in leo maecenas pulvinar;DIOS
nsimmsqa;scolebournqa@nature.com;quisque arcu;NORMAL
jratepe;agallifordpe@tinypic.com;quis libero nullam sit;MAQUINA
dsaienspx;kboyespx@nytimes.com;vel pede;NORMAL
wmoynham9s;asindle9s@umn.edu;amet nulla;MAQUINA
gantosikpn;alagenpn@digg.com;libero convallis eget eleifend;REGULAR
atroutbeckil;dsamworthil@hexun.com;nulla justo;PAQUETE
gpostillkn;forteukn@google.nl;suspendisse;MALILLO
larchboulde7;lwhithame7@networkadvertising.org;nibh quisque;REGULAR
gcowthardeh;pworlockeh@foxnews.com;venenatis turpis enim;MALILLO
kroaf7n;cpaniman7n@yelp.com;molestie sed;REGULAR
tentwistlelf;rastletlf@google.com.hk;neque;NORMAL
ttodor54;jmaltman54@cdbaby.com;pulvinar;NORMAL
sgoodbarneo8;kludovicoo8@posterous.com;semper sapien;MAQUINA
vcarncrossr8;ffahyr8@cornell.edu;nisi nam;BUENO
jschirakjy;emcrannelljy@umn.edu;metus arcu adipiscing;BUENO
gnormanqh;djerredqh@mozilla.org;vestibulum ac;PAQUETE
pblazylz;eparreslz@soup.io;consequat in;MALILLO
mbrozekly;ceverilly@about.com;duis faucibus;MAQUINA
rburnhard5m;aospillane5m@sbwire.com;quam nec dui;REGULAR
drenakpu;mlanderspu@princeton.edu;neque;BUENO
ltreugeqx;atwaitsqx@wikipedia.org;eleifend quam;NORMAL
fmcbrydehz;tribeyhz@spiegel.de;rhoncus aliquet pulvinar;MAQUINA
mhartnellis;csarjeantis@tumblr.com;aenean sit;MAQUINA
mbagnallm6;wshotboultem6@craigslist.org;vestibulum sed;PAQUETE
poverellms;ccolhounms@facebook.com;amet;REGULAR
cferrucciex;mmacconneelyex@dropbox.com;ante vestibulum ante ipsum;REGULAR
ggoodlip3u;ascroyton3u@goo.ne.jp;mauris non ligula;MAQUINA
mbraznh;estiegarnh@chron.com;parturient;MALILLO
fcroydon7w;bduinkerk7w@canalblog.com;sit amet nunc;NORMAL
atineman46;ljakoviljevic46@acquirethisname.com;libero nullam sit amet;MAQUINA
ebosnelllo;lverduinlo@cbsnews.com;lacinia nisi venenatis;DIOS
afairbeardad;lbuttlead@wordpress.org;pede venenatis non;DIOS
emacvagh20;hprimrose20@mediafire.com;quam fringilla;MAQUINA
whisemanij;ppohlkeij@sfgate.com;dui maecenas;PAQUETE
rcoggan8u;lkidwell8u@archive.org;sapien dignissim vestibulum vestibulum;PAQUETE
ggyorffya4;mburchnalla4@mayoclinic.com;sed tincidunt eu;MAQUINA
juttleyx;gjelkx@ameblo.jp;elementum pellentesque quisque;MALILLO
nheintze24;tetherington24@artisteer.com;arcu adipiscing molestie;MAQUINA
omabeyar;kmillionsar@qq.com;in felis;MALILLO
cfrake7o;phunton7o@homestead.com;lectus pellentesque;MAQUINA
tquakleygf;bsalandinogf@oracle.com;id sapien in;MAQUINA
bhouseagoq5;fdexterq5@list-manage.com;quis;MALILLO
rhadkinskp;bjacobovitchkp@wp.com;in;BUENO
dpabelik6d;clegrand6d@ox.ac.uk;maecenas tristique est et;NORMAL
ccrathernd0;lgerringd0@dyndns.org;ultrices phasellus id;DIOS
fhannisnw;alarmettnw@wisc.edu;vel dapibus;DIOS
mbigriggpp;rhollingsbypp@nps.gov;leo maecenas;MALILLO
hbridalch;tcleminsonch@ca.gov;ac consequat metus;MALILLO
hbittlestonek8;vimlockk8@goodreads.com;aliquam augue quam;NORMAL
syongero;wcheeneyro@ucoz.ru;in eleifend quam a;MALILLO
kkrishtopaittisim;bavarneim@miitbeian.gov.cn;natoque penatibus et;MAQUINA
ubitchenero6;vcoulingo6@jiathis.com;metus arcu adipiscing molestie;MAQUINA
gmcgirl32;sbubb32@hud.gov;amet sem fusce consequat;PAQUETE
rkohenkh;ndrinkeldkh@addthis.com;vulputate justo;REGULAR
aodonohoe8b;cpreist8b@barnesandnoble.com;pede;BUENO
draywoodg4;eharkinsg4@netscape.com;pellentesque viverra pede ac;DIOS
bhuccabyod;tromaineod@dot.gov;cursus;DIOS
sfalkus21;rroby21@domainmarket.com;non mattis;MALILLO
dcoldicottib;sfishleyib@chicagotribune.com;cum sociis natoque penatibus;NORMAL
oleyspa;dfanstonepa@noaa.gov;volutpat eleifend;DIOS
dfrow8;dvuittet8@mysql.com;suscipit;NORMAL
msimkinspr;jvarahpr@lycos.com;vel nisl duis ac;MALILLO
lpleasaunce7z;ehallgarth7z@apache.org;vitae mattis;NORMAL
ecronkshawn3;rkneelandn3@dropbox.com;in imperdiet;BUENO
rcadagandg;dganforthdg@tuttocitta.it;turpis a pede;MALILLO
wyankovjk;eandreasjk@deliciousdays.com;leo;BUENO
bthroweri9;lkershawi9@va.gov;sit amet nunc;DIOS
awillesonlb;adunkertonlb@yale.edu;posuere cubilia curae mauris;REGULAR
cwinnnu;omatveikonu@merriam-webster.com;luctus;NORMAL
bbalffyeog;klyburnog@blogtalkradio.com;tincidunt eu felis;NORMAL
llazell94;jfrizell94@stanford.edu;sapien iaculis congue vivamus;REGULAR
tkiledalae;agombyae@360.cn;aliquet pulvinar sed;DIOS
ljestkl;fwiddkl@guardian.co.uk;dis parturient montes nascetur;MAQUINA
kstocky49;klefeaver49@hugedomains.com;volutpat erat quisque erat;BUENO
peymer4q;sdevillier4q@about.me;ipsum praesent blandit;REGULAR
dnorheny9n;hblowick9n@rambler.ru;proin;REGULAR
tpeacher6c;scrownshaw6c@tmall.com;tellus;PAQUETE
wcatorps;rcaffps@icq.com;natoque penatibus et;DIOS
rdaniellodd;cschneidardd@flickr.com;nunc;MAQUINA
clongsonjm;saustinsjm@ebay.com;nisl duis ac;BUENO
jtott2r;meddis2r@telegraph.co.uk;curae mauris viverra;BUENO
mvickermaniw;dgyngelliw@vk.com;platea dictumst morbi;PAQUETE
dnesby6e;dchessor6e@usnews.com;turpis a pede posuere;DIOS
dcopley79;eoddy79@ezinearticles.com;dictumst morbi vestibulum velit;REGULAR
dtanmanag;gbogiesag@ted.com;blandit ultrices enim lorem;DIOS
bdeards5o;cruse5o@addthis.com;nulla ultrices aliquet;MALILLO
cperkinsonkj;ssinghkj@wikia.com;nulla;MALILLO
cdorbinb8;jblancheb8@dmoz.org;sapien iaculis congue;MAQUINA
lselley9l;rsherwin9l@dedecms.com;etiam;BUENO
nleyburna8;vmierea8@typepad.com;amet;NORMAL
hlapsleyb2;smarietonb2@uiuc.edu;convallis duis;MAQUINA
lpeceybm;sruosbm@dedecms.com;vestibulum;NORMAL
alammiehd;hcaldarohd@cnn.com;quis tortor id;REGULAR
trignolddi;hbussonsdi@blog.com;ut dolor;REGULAR
pfeaseyba;tlongmoreba@youku.com;orci;BUENO
nnew41;gransome41@list-manage.com;volutpat erat quisque erat;REGULAR
yshearme64;cmcnamee64@state.gov;orci luctus et;BUENO
fpaviourpg;ngarnsworthpg@epa.gov;morbi;REGULAR
cmaaszeo3;hmcilhoneo3@google.com.br;felis donec semper;MAQUINA
htrueloveji;sveaseyji@blinklist.com;tincidunt eu felis fusce;REGULAR
nmurphymu;ewassellmu@bigcartel.com;quam turpis adipiscing;DIOS
ghallasbj;ggoddingbj@friendfeed.com;sapien in sapien iaculis;MAQUINA
dsuggate1b;eohoey1b@cbsnews.com;lobortis;MAQUINA
hhandmore2a;agabbatiss2a@sakura.ne.jp;vel accumsan tellus;BUENO
cgardnerl5;psteerel5@wsj.com;pede libero quis orci;BUENO
rmushet3r;mpettman3r@bloglovin.com;felis donec semper;MALILLO
tsuter55;rdacth55@deviantart.com;tellus;DIOS
mgrieveskg;nashtonkg@upenn.edu;pellentesque volutpat dui;DIOS
bbamellrh;cmolianrh@nifty.com;quis turpis;BUENO
mmintondf;hdelphdf@msu.edu;turpis adipiscing;MAQUINA
abernhardcj;dbragancacj@tuttocitta.it;platea dictumst maecenas ut;MAQUINA
cmargrettk6;keldink6@bloomberg.com;est quam pharetra magna;BUENO
aborrow92;jfardell92@storify.com;porttitor id consequat;REGULAR
epetrelloet;bgrealishet@shinystat.com;aliquam sit amet;BUENO
hbalm9;omidner9@google.fr;hendrerit at;PAQUETE
cstopforthie;bkuhntie@nba.com;in faucibus orci luctus;MALILLO
kharnimanbh;mmeneerbh@ibm.com;ultrices erat tortor;MALILLO
ldalston4p;asynke4p@gmpg.org;at nunc commodo placerat;DIOS
cpeviejf;dburnittjf@lycos.com;nec dui luctus;NORMAL
mdellatorre4i;efurlong4i@ovh.net;nullam molestie;PAQUETE
steatheraj;kstanistreteaj@globo.com;montes nascetur ridiculus;NORMAL
spopovig;ohaycraftig@weibo.com;curae nulla dapibus;PAQUETE
kcalf5j;khellikes5j@arstechnica.com;habitasse platea dictumst;DIOS
jshowencx;mmacellarcx@netlog.com;habitasse platea dictumst;MALILLO
klupartiaw;lmuckleyaw@earthlink.net;donec dapibus duis;MALILLO
cstruijsg8;lschelligg8@army.mil;vitae nisl;PAQUETE
vtendahlma;cbalserma@youtube.com;dapibus;DIOS
rbauldreyc6;jrobuchonc6@cafepress.com;a nibh in quis;NORMAL
gmeneuxre;msebrookre@microsoft.com;dui maecenas tristique;NORMAL
gbailes2k;cdeavenell2k@alexa.com;id luctus nec molestie;DIOS
ctoffuldr;wbatistedr@gnu.org;nisl ut volutpat sapien;MALILLO
bsifflettm2;bbarklym2@4shared.com;nascetur ridiculus;PAQUETE
cpallyoy;rboultoy@harvard.edu;nulla ac enim;DIOS
cworham6u;tallmond6u@twitpic.com;eget semper rutrum;REGULAR
wpople7v;aoxe7v@ucla.edu;non mi integer;NORMAL
rgabbitus62;cguterson62@noaa.gov;lorem;MALILLO
wbridgement8f;gwilding8f@samsung.com;dolor;PAQUETE
ecroomejs;hpilipetsjs@zdnet.com;varius ut blandit;PAQUETE
crossander9u;dmcnaught9u@nature.com;lacus morbi;NORMAL
lburgin57;rcridlan57@exblog.jp;convallis;PAQUETE
lfairlawqe;kjanoschekqe@umich.edu;blandit nam nulla integer;BUENO
hyanne4;skisting4@goo.ne.jp;maecenas tincidunt lacus;PAQUETE
olehr7q;dandrioni7q@simplemachines.org;donec vitae;DIOS
gmacgilmartin9z;kdennehy9z@oakley.com;arcu sed;BUENO
hclercgg;apeacockgg@goo.gl;sem praesent id massa;BUENO
nserminiq;agascoineiq@nifty.com;convallis;BUENO
bkleinsternm8;ofeehelym8@cnet.com;felis eu sapien;DIOS
mcaulier1p;kloughman1p@histats.com;magna bibendum imperdiet nullam;MAQUINA
jthorns7g;mgrinsdale7g@yale.edu;metus aenean;MAQUINA
emccloughen6o;mashbee6o@baidu.com;mi sit amet;DIOS
tlowton8h;dgerardin8h@boston.com;odio condimentum id;NORMAL
dbeetlestonera;bfairholmera@hexun.com;in magna;PAQUETE
enellisii;kmcrannellii@deliciousdays.com;lectus;MAQUINA
amaccarlichko;mjozefko@columbia.edu;vestibulum sit amet;DIOS
mcarvellos;kdockreayos@patch.com;rutrum;BUENO
omellord2;kmushettd2@github.io;sed vel;REGULAR
kgerretsen7l;ggoodger7l@auda.org.au;mus;MAQUINA
ainoldb6;tcoolb6@tiny.cc;ornare;NORMAL
nboase3d;acrownshaw3d@patch.com;vel pede morbi;MALILLO
kohoneeq;rhedauxeq@plala.or.jp;ac nulla sed vel;DIOS
mfattoril8;jlinsleyl8@zimbio.com;cubilia curae donec pharetra;BUENO
fbentermanna;swarmishamna@linkedin.com;est donec odio;DIOS
nspadollini8m;aboate8m@telegraph.co.uk;elementum;REGULAR
lleheudeja;ckempshallja@time.com;id ornare imperdiet sapien;MAQUINA
edudnymq;brubimq@admin.ch;lacus;MALILLO
dkerslake58;rcuxon58@theglobeandmail.com;purus eu magna;MAQUINA
jhannon4t;ljillions4t@disqus.com;odio;PAQUETE
draistrick30;deplate30@dropbox.com;dapibus;BUENO
nathowe1m;agrubbe1m@drupal.org;non;BUENO
mdamatoap;sfilipsonap@yolasite.com;amet;MALILLO
nhubballmm;amelbournmm@g.co;massa quis augue luctus;REGULAR
dfacheg1;mungarettig1@psu.edu;pretium iaculis diam erat;MAQUINA
kcutforth5n;kgirardey5n@simplemachines.org;in libero ut massa;MAQUINA
hbolzenkv;belsmorekv@slideshare.net;sapien a;DIOS
mgiberd8l;srenouf8l@github.com;dapibus;MALILLO
wraddenburyp5;dkelwickp5@state.tx.us;in;DIOS
bmcclayou;mdewdenyou@list-manage.com;sapien in;MAQUINA
bhagertydh;lbrasherdh@house.gov;metus arcu adipiscing;MAQUINA
ffynanao;sstobbartao@ftc.gov;nam;PAQUETE
fmccutcheon9y;cverdy9y@goo.gl;amet;DIOS
gdeverala2;hlegueya2@csmonitor.com;venenatis lacinia aenean;MALILLO
isandelslj;mmaypolelj@unblog.fr;justo in hac habitasse;REGULAR
fvandalepb;bkopjepb@altervista.org;massa id lobortis;DIOS
vtirte44;vdillet44@salon.com;pellentesque;MALILLO
gvistein;jcornelleauin@amazon.co.jp;dis parturient montes;PAQUETE
lharriottee;kstotherfieldee@wordpress.org;sollicitudin mi;PAQUETE
sstathernz;wartusnz@mashable.com;lorem ipsum;MALILLO
dphytheanfc;bberthotfc@google.co.jp;vestibulum;DIOS
glantaffbg;nstledgerbg@a8.net;vitae consectetuer eget;NORMAL
cmccreath9h;vstretton9h@sogou.com;vulputate nonummy maecenas;MALILLO
ltottieq7;rcradockq7@guardian.co.uk;tincidunt;NORMAL
bgaveky;mglenky@twitter.com;nibh in;MALILLO
cstainland8y;csabey8y@netlog.com;placerat praesent blandit;REGULAR
pholbury3a;dwoodworth3a@google.ru;justo;MAQUINA
psiretf1;cdowyerf1@furl.net;ultrices erat tortor;MAQUINA
didendenqs;igiraldoqs@zimbio.com;felis sed interdum venenatis;REGULAR
aheathcott12;bkernock12@census.gov;turpis elementum ligula vehicula;REGULAR
kworrellrr;laronsrr@technorati.com;lorem integer tincidunt;DIOS
nmcraveyef;cdavidsef@storify.com;amet consectetuer adipiscing elit;PAQUETE
smccorkindale8e;cpeirone8e@123-reg.co.uk;lacinia nisi venenatis;NORMAL
hstirling6a;jbrightwell6a@360.cn;dictumst morbi vestibulum;REGULAR
kbailesed;candriollied@smh.com.au;et eros vestibulum;DIOS
astuchburyce;jlucusce@geocities.com;sodales;NORMAL
kbartkeif;dnewhamif@hud.gov;pretium;DIOS
yhaselhurstc4;aganterc4@trellian.com;eu pede;MALILLO
tlevens3q;bchaundy3q@free.fr;sodales sed tincidunt eu;REGULAR
vboughtflowergu;davengu@edublogs.org;nulla neque libero;BUENO
cgarwella5;lpeakera5@china.com.cn;eleifend;MALILLO
hbuckthorpefl;sdevitafl@t.co;scelerisque mauris sit;MAQUINA
cbodega14;mbutten14@yahoo.co.jp;pellentesque;BUENO
chatherellob;wcatoob@reuters.com;montes nascetur;PAQUETE
ikenworthey4k;mingilson4k@icio.us;luctus et;MALILLO
ttothacotmj;npeermj@nytimes.com;diam cras pellentesque;REGULAR
dbottrillr2;clittlediker2@zimbio.com;non;MAQUINA
hpetrenkonj;qscrowsonnj@mysql.com;consequat dui;MALILLO
jbreadq6;rlazenbyq6@samsung.com;vel augue vestibulum ante;BUENO
gbullinghamem;ifrankcombeem@princeton.edu;nam;BUENO
cbaistowm3;jtourrym3@examiner.com;tincidunt eget;DIOS
bmattusevich81;lcruse81@sphinn.com;nisl nunc;NORMAL
idashkovichj7;sarnoudj7@exblog.jp;odio in;NORMAL
rcamis9m;ntrouncer9m@fema.gov;suscipit nulla elit;BUENO
wtowllc5;eevesc5@amazon.co.jp;eu nibh quisque;REGULAR
idavydochkind7;eewbanksd7@elegantthemes.com;at ipsum ac;MALILLO
skleinhandlermh;lnelmesmh@trellian.com;id nulla;NORMAL
ltidgewell4r;gjest4r@cnbc.com;dapibus duis;MAQUINA
lflavertyk3;jneachellk3@yahoo.co.jp;mauris lacinia;NORMAL
jhurseyn2;mbernardeaun2@scribd.com;non mattis;DIOS
ajoannicn4;nkoeppken4@i2i.jp;nec molestie;MAQUINA
ktwohignd;agyteshamnd@senate.gov;quis;BUENO
gfinani2;jsingsi2@utexas.edu;ante ipsum primis;NORMAL
omogforddj;zleasondj@xinhuanet.com;mauris;REGULAR
jfassum75;tdedon75@newsvine.com;felis sed lacus morbi;REGULAR
gfinlayd3;pmangerd3@wikimedia.org;lacus at;MAQUINA
jbutertone2;jkinnarde2@linkedin.com;sit;NORMAL
mstroobandlg;rmagilllg@psu.edu;mauris vulputate elementum;PAQUETE
ydumper2h;bbrasner2h@quantcast.com;penatibus;PAQUETE
blansdowng6;lerrichellig6@ycombinator.com;lacinia sapien;DIOS
clamp2c;arosenbarg2c@bloglines.com;vestibulum sed magna;PAQUETE
cpalfreeman4y;kubach4y@mysql.com;neque sapien placerat;BUENO
fattwoull5z;cphillis5z@naver.com;a;PAQUETE
nchelsomjh;iondrousekjh@purevolume.com;mauris viverra diam vitae;REGULAR
ythongero2;kronchkao2@blog.com;vestibulum quam sapien varius;BUENO
pheughda;kmcneelyda@comcast.net;ac;PAQUETE
cdomme4;elefrance4@who.int;nibh ligula nec sem;REGULAR
echoppingdm;sfuggledm@spotify.com;interdum in;NORMAL
gheppnerfr;alockhartfr@theatlantic.com;sit;DIOS
vvasileec;sshaulec@google.ru;rutrum;BUENO
kbrownill4d;rfibbit4d@cmu.edu;fermentum donec;REGULAR
nburgnenv;msantonnv@google.fr;non;BUENO
akerridge90;mcossom90@pagesperso-orange.fr;nunc proin at turpis;PAQUETE
amcphail35;idomnick35@uiuc.edu;lectus in;REGULAR
twegener4n;tskoggings4n@kickstarter.com;quam pharetra;NORMAL
bgaskerpz;bmasserelpz@baidu.com;vestibulum sed magna at;NORMAL
abrusby10;mfearnall10@archive.org;nulla nunc purus phasellus;DIOS
kclifforth1q;rolongain1q@a8.net;lobortis;DIOS
osnoad9j;kabrahami9j@spotify.com;amet;PAQUETE
ckinceycg;mteacycg@discovery.com;erat tortor sollicitudin mi;MAQUINA
lbrowseea;egoodwellea@phpbb.com;mauris viverra;MALILLO
wblibenw;rkernesw@twitter.com;erat;MAQUINA
bbenitez69;lfolbig69@ebay.co.uk;sed;DIOS
ddarko4;mberro4@nhs.uk;molestie lorem;MALILLO
modonegank1;rosherrink1@wufoo.com;viverra pede;MAQUINA
hdallowaymr;ngilardonimr@csmonitor.com;at nulla suspendisse potenti;PAQUETE
rduminici;wdaughteryci@marketwatch.com;est quam pharetra;NORMAL
wjancargp;rfreangp@sitemeter.com;malesuada;MALILLO
skinleysidep;wridoutp@studiopress.com;pellentesque quisque porta;MAQUINA
smackimmie26;gswait26@gov.uk;turpis adipiscing lorem vitae;MAQUINA
arassmann3i;mstampfer3i@typepad.com;cras;MALILLO
ameadowcroft1l;fizakson1l@usatoday.com;velit id pretium iaculis;MAQUINA
gtranmer2p;rslorance2p@surveymonkey.com;diam cras;MAQUINA
lvanderbrugge42;rpindar42@disqus.com;faucibus orci luctus et;PAQUETE
gbielfeltgz;ndustinggz@so-net.ne.jp;volutpat eleifend;MAQUINA
benneverf0;dbotfieldf0@vistaprint.com;nunc nisl duis;PAQUETE
ulowfill3k;ljedrychowski3k@oaic.gov.au;cursus id turpis integer;BUENO
kmickan4h;tcapineer4h@berkeley.edu;quisque ut erat;MALILLO
dlewishamjd;nmacgarveyjd@mashable.com;semper est quam pharetra;BUENO
dmacnairl6;arhysl6@ycombinator.com;gravida;PAQUETE
awagnerinl2;mducarnel2@issuu.com;sagittis sapien cum sociis;DIOS
kletchford76;aeastridge76@seattletimes.com;nisi;REGULAR
gmccarrollah;banshellah@archive.org;euismod;NORMAL
vdevonport47;cbeausang47@privacy.gov.au;in faucibus orci;MALILLO
qentreis7j;nbutterworth7j@drupal.org;dapibus dolor vel est;MAQUINA
fcartin9a;bbaraja9a@economist.com;aliquet maecenas;MALILLO
jmeiner1o;gwafer1o@addthis.com;maecenas;DIOS
fpassyqu;callmannqu@com.com;aliquet;BUENO
dsaxondq;deverildq@psu.edu;in leo;BUENO
lashton9t;wdubarry9t@wisc.edu;ipsum ac tellus semper;MAQUINA
rformiglihj;gpatekhj@ebay.co.uk;at feugiat;REGULAR
srysom7b;jdeares7b@vistaprint.com;proin interdum mauris;DIOS
dsikora97;nverdie97@irs.gov;quis;REGULAR
acoltan1s;mgilpin1s@vkontakte.ru;suspendisse potenti in eleifend;BUENO
cventhameb;ndunthorneb@linkedin.com;odio justo;BUENO
bcasonn8;sbalkwilln8@goo.ne.jp;praesent blandit nam;MALILLO
mmatuszynskigv;drookwellgv@chicagotribune.com;sem;NORMAL
bbillittericp;satkincp@tripadvisor.com;tempus;MAQUINA
bgrissettpi;amaytumpi@whitehouse.gov;sit amet eleifend;NORMAL
kelsley2f;jbenck2f@google.com;integer non;MAQUINA
espunerkf;kkempstonkf@imdb.com;sollicitudin vitae consectetuer;REGULAR
gscamalpl;goshaughnessypl@ftc.gov;tempus vivamus in;REGULAR
schallinorqw;mlileqw@alexa.com;consequat varius integer;MALILLO
twyllis4x;sexcell4x@vimeo.com;nunc purus phasellus;PAQUETE
sportman8j;mcoggins8j@twitpic.com;rhoncus sed vestibulum sit;REGULAR
acrowestls;dgaudenls@goo.ne.jp;ridiculus;MALILLO
geddyox;hjannox@npr.org;libero rutrum;REGULAR
aboch9v;sdeguerre9v@squidoo.com;massa;REGULAR
csaunder9r;mparnell9r@aol.com;ultrices mattis odio;PAQUETE
mmcgirr9o;jbeckhurst9o@squarespace.com;amet eros suspendisse accumsan;PAQUETE
lhargrevesfg;dbecklesfg@ovh.net;consequat;PAQUETE
kblaxill5r;jroads5r@freewebs.com;ante vestibulum ante ipsum;MALILLO
tshimonimw;hbausermw@instagram.com;in libero;NORMAL
cmathys29;sjuara29@nps.gov;ultrices;DIOS
rcallam5;crigts5@g.co;tortor quis turpis sed;REGULAR
iheibl16;rfattorini16@slideshare.net;faucibus orci luctus;NORMAL
wbenoitcw;qtowheycw@diigo.com;nibh quisque id;PAQUETE
lmatterfacer6;kafonsor6@cornell.edu;potenti cras in;NORMAL
srhyme6s;kskaifedingerthorpe6s@blogs.com;blandit;PAQUETE
hkettelkb;ntolomiokb@marriott.com;dolor quis;REGULAR
ccremen0;ceustes0@patch.com;nunc;DIOS
bskerml1;gbertolinl1@europa.eu;vestibulum quam sapien varius;PAQUETE
fswindellsas;vfenbyas@yale.edu;et magnis dis parturient;BUENO
cmcmasterrb;twindebankrb@google.ru;suspendisse;MAQUINA
aramplingd4;cbulgerd4@opera.com;potenti in;REGULAR
bgildroy6p;tjouen6p@webmd.com;tempus sit amet;NORMAL
jornelesfh;nderbyfh@wikipedia.org;diam;MAQUINA
rdoxeykq;dcoulstonkq@hc360.com;cubilia curae mauris viverra;MAQUINA
lgeffen2t;fmanach2t@skype.com;augue vestibulum;REGULAR
asiegefp;cglosterfp@google.co.uk;rutrum at lorem;NORMAL
ctellett5s;cbernade5s@biglobe.ne.jp;metus sapien ut nunc;MALILLO
ckubiczekbq;gglancybq@ox.ac.uk;ultrices posuere;REGULAR
erameyg0;tasmang0@mapy.cz;vestibulum;DIOS
gfridayepo;bsimeonepo@mayoclinic.com;enim;NORMAL
pscoterboshfq;bslarkfq@china.com.cn;praesent;MALILLO
zkendle1d;awaslin1d@gnu.org;vivamus;BUENO
fhabeshawqc;akealqc@omniture.com;tincidunt in leo maecenas;BUENO
egreigrp;pmatyasrp@nhs.uk;ante;REGULAR
lguerre7;fegel7@gov.uk;est;BUENO
fbortol28;mbridewell28@wordpress.com;sit amet nulla quisque;BUENO
gperllmaniv;gkayeiv@scientificamerican.com;turpis eget elit;DIOS
cemmertt;dbretellet@comsenz.com;porttitor pede justo;BUENO
bsallissl4;ckachl4@hugedomains.com;accumsan tortor;NORMAL
efinenx;tdeggnx@godaddy.com;integer a nibh;BUENO
rcopello22;rbrundle22@booking.com;eu;NORMAL
anicolsonj8;ithomssonj8@yahoo.com;nulla elit ac;PAQUETE
hwellermb;pjopkemb@boston.com;id;MAQUINA
mricioppoj4;bluttyj4@amazonaws.com;donec ut dolor morbi;MALILLO
tbynert2v;lunion2v@prlog.org;lorem ipsum dolor;NORMAL
dvasenkovio;ljanseyio@springer.com;mauris;DIOS
bdambrogiopv;wducrowpv@wordpress.org;at velit;DIOS
nduggarydk;ioldcroftdk@google.co.jp;dolor;REGULAR
ieakinsrj;mdacresrj@senate.gov;rutrum rutrum neque;BUENO
gdilland7m;lschulken7m@telegraph.co.uk;sed;MALILLO
hyeomanpf;asandompf@squidoo.com;volutpat sapien;REGULAR
lgaskellr1;wwhistlecroftr1@apple.com;pellentesque ultrices;REGULAR
fshelliday91;stitford91@google.ca;auctor gravida;MALILLO
igrain2g;ltethcote2g@csmonitor.com;sit amet diam in;MALILLO
mlarwellho;jdanitho@amazon.co.jp;luctus;NORMAL
dmerfin9g;kfaircloth9g@photobucket.com;risus dapibus augue;BUENO
mmcmanamano0;kferraresio0@chronoengine.com;velit eu;NORMAL
ksigne3z;bwindmill3z@behance.net;cubilia curae;NORMAL
karkow5l;abellelli5l@trellian.com;pellentesque eget nunc;NORMAL
cedgellbx;medmettbx@cmu.edu;non pretium;PAQUETE
cbremondn7;lclutterhamn7@hatena.ne.jp;leo odio;DIOS
kkolak6m;sikin6m@bing.com;odio;MALILLO
rholylandq;rriddockq@hud.gov;dapibus at diam nam;DIOS
ppughsleyqv;bcolebornqv@timesonline.co.uk;eget semper;MALILLO
jhickenbottomjo;hstookejo@trellian.com;congue eget semper;DIOS
cpalphramandqf;mbeaverqf@dailymotion.com;morbi;MAQUINA
eokkerm;ggullbergm@ustream.tv;quis orci;REGULAR
bgoymerp2;elopesp2@slideshare.net;eget massa tempor convallis;PAQUETE
hcody5w;cyellep5w@ox.ac.uk;interdum eu tincidunt;DIOS
ebencherqz;fburdounqz@deliciousdays.com;ligula nec sem;BUENO
npriero;blostyo@cnbc.com;condimentum curabitur in;PAQUETE
kgahagan1y;khully1y@about.com;lobortis est phasellus;BUENO
bmosesfk;mbrienfk@sitemeter.com;vivamus;REGULAR
kseatteroh;chasemanoh@imgur.com;amet;NORMAL
ogoaksq9;ipageq9@berkeley.edu;blandit nam nulla integer;BUENO
dfrankum8z;fsaldler8z@google.co.uk;velit vivamus vel;MAQUINA
rcannamjc;dbastinjc@amazon.com;nibh in quis justo;MALILLO
sstryde8d;jclutterham8d@dyndns.org;in hac habitasse;PAQUETE
dfidgeonns;caleninns@si.edu;duis;REGULAR
dmizzioi;omcgrieleoi@geocities.com;mi in porttitor;MAQUINA
igeraldezqq;ablaxleyqq@mayoclinic.com;platea dictumst morbi vestibulum;MALILLO
mquinnettemz;ndomonkosmz@reddit.com;dapibus nulla;PAQUETE
clindhehk;dodonohuehk@yellowpages.com;nunc viverra dapibus nulla;BUENO
bmaliaaz;evedntyevaz@issuu.com;quis turpis sed ante;MALILLO
asalvidger5;mlorentzr5@soup.io;pharetra magna;MALILLO
cgravells3b;vbezley3b@1688.com;sed magna;BUENO
mhallows31;asneller31@mozilla.org;bibendum imperdiet nullam orci;DIOS
twogang5;kpolakg5@shop-pro.jp;diam erat fermentum;DIOS
ssorensen3v;rsisey3v@seesaa.net;lacinia;NORMAL
ajanneygn;aemorgn@google.com.br;in hac habitasse platea;MAQUINA
ktallachei;dbaptyei@google.it;posuere felis sed;BUENO
jadamovskyrq;abarracloughrq@ucsd.edu;posuere metus vitae ipsum;MAQUINA
pbarnes6h;shearnden6h@bluehost.com;lacus at turpis;NORMAL
dscamwelly;lhanharty@google.com.hk;eu orci mauris lacinia;NORMAL
ghigbind6;ggilardonid6@kickstarter.com;in ante vestibulum;REGULAR
kclethroo9;fmoxsteado9@livejournal.com;ante;REGULAR
wbroomhall6;ltallyn6@epa.gov;enim blandit mi in;PAQUETE
odebiaggikt;mfilippozzikt@livejournal.com;nullam orci pede venenatis;REGULAR
vshwennkm;zcharlottekm@free.fr;nullam orci pede;BUENO
bjacketts1t;askivington1t@virginia.edu;donec dapibus;REGULAR
shaggarco;zbeehoco@apple.com;consequat nulla;REGULAR
bgaltones;nosbournes@unesco.org;sit amet;NORMAL
rteehg;sflookshg@bigcartel.com;fermentum donec ut;MAQUINA
dapplefordfa;camiablefa@so-net.ne.jp;in sapien;MALILLO
